ID;Encounter
1;A pod of dolphins playfully swimming alongside the ship.
2;A mysterious, floating message in a bottle.
3;A crew member spots a distant island on the horizon that isn't on any map.
4;The ship sails through a dense fog, causing a sense of disorientation.
5;A group of singing sirens attempt to lure the crew towards a hidden reef.
6;A passing merchant ship offers to trade goods and information.
7;A massive sea turtle surfaces, carrying a small ecosystem on its back.
8;The crew discovers a beautiful, bioluminescent coral reef at night.
9;A massive shadow passes beneath the ship, suggesting a colossal sea creature below.
10;A waterlogged diary floats past, containing the last words of a stranded sailor.
11;A sudden whirlpool appears, threatening to pull the ship under.
12;A playful seagull steals a valuable trinket from the ship.
13;A group of merfolk approach, seeking assistance with a stranded friend.
14;The crew stumbles upon an abandoned shipwreck, partially submerged.
15;A group of pirates challenges the crew to a non-lethal competition.
16;The ship sails through a field of floating, glowing jellyfish.
17;A ghostly apparition appears, seeking to deliver a message to a specific crew member.
18;A rare celestial event occurs, with shooting stars lighting up the night sky.
19;The crew encounters a peaceful, nomadic tribe of sea elves.
20;A peculiar, drifting island of seaweed and kelp hides a treasure beneath.
21;A swarm of fireflies gathers around the ship, creating a surreal atmosphere.
22;A sudden squall requires the crew to work together to keep the ship afloat.
23;A school of flying fish leaps out of the water, narrowly missing the ship.
24;A magical storm cloud allows the crew to harness temporary wind power.
25;A rogue wave threatens to capsize the ship, requiring quick thinking to avoid disaster.
26;A message is discovered on an abandoned raft, hinting at hidden treasure.
27;A friendly kraken surfaces, seeking conversation rather than conflict.
28;A group of seafaring gnomes offers to repair and upgrade the ship's equipment.
29;The crew encounters a floating market of eccentric, aquatic merchants.
30;A curious sea serpent follows the ship, observing from a distance.
31;A mermaid offers a cryptic prophecy about the crew's future.
32;The ship passes through a field of giant, drifting lily pads.
33;A rare, glowing sea creature washes up on deck, captivating the crew.
34;A mysterious, mist-shrouded island vanishes as quickly as it appeared.
35;A lost sailor is found adrift at sea, desperate for rescue.
36;The crew encounters a massive, ancient shipwreck with untold secrets inside.
37;A flock of seagulls leads the ship to a hidden cove filled with exotic birds.
38;A celestial event causes the crew to experience vivid, prophetic dreams.
39;A playful sea otter approaches the ship, seeking companionship.
40;The crew discovers an ancient, sunken temple beneath the waves.
41;A powerful current propels the ship forward, saving time on the journey.
42;A group of nautical bards entertain the crew with lively sea shanties.
43;A ghost ship appears on the horizon, disappearing before it can be investigated.
44;The crew encounters a field of floating, bioluminescent mushrooms.
45;A mischievous water elemental plays pranks on the crew.
46;A pod of whales approaches, seemingly asking for assistance with a problem.
47;The ship sails through a dense swarm of migratory butterflies.
48;A mesmerizing display of underwater geysers erupts near the ship.
49;A celestial being appears, offering guidance and wisdom to the crew.
50;The crew encounters a massive, ancient sea turtle with a world map etched onto its shell.
51;A mysterious, glowing beacon leads the way to a hidden island.
52;The ship passes through a field of floating, fragrant blossoms.
53;A gentle rainstorm brings refreshing relief from the sun's heat.
54;A whirlwind of colorful, tropical birds circles the ship.
55;The crew stumbles upon a small, idyllic island inhabited by friendly wildlife.
56;A clever mimic disguises itself as a valuable treasure chest.
57;The ship sails through a field of floating, bioluminescent plankton.
58;A mischievous water nymph tries to charm the crew members.
59;A friendly sea serpent offers to serve as a guide through treacherous waters.
60;A powerful water elemental creates a mesmerizing, temporary light show.
61;The crew encounters a hidden underwater cave system filled with bioluminescent creatures.
62;A group of curious sea turtles approaches, seemingly interested in the crew.
63;A shimmering, magical portal briefly appears on the horizon.
64;A mesmerizing display of underwater volcanic activity occurs nearby.
65;A wise old sea turtle imparts ancient knowledge to the crew.
66;The ship sails through a field of floating, fragrant lilies.
67;A sudden gust of wind fills the sails, propelling the ship forward.
68;A playful sea serpent offers to race the ship for entertainment.
69;The crew encounters a serene, hidden lagoon surrounded by cliffs.
70;A mysterious, glowing object washes up on deck, radiating magic.
71;A celestial being imparts a temporary blessing upon the ship and crew.
72;The ship passes through a field of floating, luminous sea anemones.
73;A mischievous water spirit creates playful illusions on deck.
74;A friendly school of dolphins guides the ship through treacherous waters.
75;A powerful water elemental creates a protective barrier around the ship.
76;The crew encounters a hidden, underground hot spring beneath the waves.
77;A group of playful seals entertains the crew with acrobatic displays.
78;A shimmering, magical whirlpool briefly appears on the horizon.
79;A mesmerizing display of bioluminescent fish creates an otherworldly spectacle.
80;A wise old sea dragon imparts ancient wisdom to the crew.
81;The ship sails through a field of floating, fragrant orchids.
82;A sudden burst of speed from a friendly sea serpent propels the ship forward.
83;A playful water elemental creates a temporary, aquatic playground for the crew.
84;The crew encounters a hidden, underwater garden of vibrant coral.
85;A mysterious, glowing object appears on deck, emanating a calming aura.
86;A celestial being grants the crew the ability to understand the language of sea creatures.
87;The ship passes through a field of floating, luminous seashells.
88;A mischievous water sprite creates mesmerizing, floating light orbs on deck.
89;A friendly giant sea turtle offers to carry the ship through difficult waters.
90;A powerful water elemental creates a soothing, misty atmosphere around the ship.
91;The crew encounters a hidden, underwater cavern filled with precious gems.
92;A group of playful sea lions performs tricks for the crew's amusement.
93;A shimmering, magical whirlpool briefly appears, offering a shortcut to a distant location.
94;A mesmerizing display of bioluminescent eels creates an enchanting scene.
95;A wise old sea serpent shares tales of legendary underwater treasures.
96;The ship sails through a field of floating, fragrant roses.
97;A sudden burst of speed from a friendly water elemental propels the ship forward.
98;A playful merfolk troupe performs a lively dance for the crew's entertainment.
99;The crew encounters a hidden, underwater grotto filled with rare, luminescent crystals.
100;A celestial being grants the crew the ability to breathe underwater temporarily.
